<?xml version="1.0" encoding="UTF-8" ?>
<!-- This is a WordPress eXtended RSS file generated by WordPress as an export of your site. -->
<!-- It contains information about your site's posts, pages, comments, categories, and other content. -->
<!-- You may use this file to transfer that content from one site to another. -->
<!-- This file is not intended to serve as a complete backup of your site. -->

<!-- To import this information into a WordPress site follow these steps: -->
<!-- 1. Log in to that site as an administrator. -->
<!-- 2. Go to Tools: Import in the WordPress admin panel. -->
<!-- 3. Install the "WordPress" importer from the list. -->
<!-- 4. Activate & Run Importer. -->
<!-- 5. Upload this file using the form provided on that page. -->
<!-- 6. You will first be asked to map the authors in this export file to users -->
<!--    on the site. For each author, you may choose to map to an -->
<!--    existing user on the site or to create a new user. -->
<!-- 7. WordPress will then import each of the posts, pages, comments, categories, etc. -->
<!--    contained in this file into your site. -->

<!-- generator="WordPress/4.2.2" created="2015-07-03 23:52" -->
<rss version="2.0"
	xmlns:excerpt="http://wordpress.org/export/1.2/excerpt/"
	xmlns:content="http://purl.org/rss/1.0/modules/content/"
	xmlns:wfw="http://wellformedweb.org/CommentAPI/"
	xmlns:dc="http://purl.org/dc/elements/1.1/"
	xmlns:wp="http://wordpress.org/export/1.2/"
>

<channel>
	<title>Base</title>
	<link>http://themifyflow.com/demo/base</link>
	<description>Just another Flow site</description>
	<pubDate>Fri, 03 Jul 2015 23:52:57 +0000</pubDate>
	<language>en-US</language>
	<wp:wxr_version>1.2</wp:wxr_version>
	<wp:base_site_url>http://themifyflow.com/demo/</wp:base_site_url>
	<wp:base_blog_url>http://themifyflow.com/demo/base</wp:base_blog_url>

	<wp:author><wp:author_id>1</wp:author_id><wp:author_login>nickla</wp:author_login><wp:author_email>nick@themify.me</wp:author_email><wp:author_display_name><![CDATA[nickla]]></wp:author_display_name><wp:author_first_name><![CDATA[Nick]]></wp:author_first_name><wp:author_last_name><![CDATA[La]]></wp:author_last_name></wp:author>


	<generator>http://wordpress.org/?v=4.2.2</generator>

	<item>
		<title>Base</title>
		<link>http://themifyflow.com/demo/base/theme/base/</link>
		<pubDate>Fri, 22 May 2015 19:56:23 +0000</pubDate>
		<dc:creator><![CDATA[nickla]]></dc:creator>
		<guid isPermaLink="false">http://www.test-flow.com/blog/theme/base/</guid>
		<description></description>
		<content:encoded><![CDATA[]]></content:encoded>
		<excerpt:encoded><![CDATA[]]></excerpt:encoded>
		<wp:post_id>3424</wp:post_id>
		<wp:post_date>2015-05-22 19:56:23</wp:post_date>
		<wp:post_date_gmt>2015-05-22 19:56:23</wp:post_date_gmt>
		<wp:comment_status>open</wp:comment_status>
		<wp:ping_status>open</wp:ping_status>
		<wp:post_name>base</wp:post_name>
		<wp:status>publish</wp:status>
		<wp:post_parent>0</wp:post_parent>
		<wp:menu_order>0</wp:menu_order>
		<wp:post_type>tf_theme</wp:post_type>
		<wp:post_password></wp:post_password>
		<wp:is_sticky>0</wp:is_sticky>
		<wp:postmeta>
			<wp:meta_key>_thumbnail_id</wp:meta_key>
			<wp:meta_value><![CDATA[3488]]></wp:meta_value>
		</wp:postmeta>
		<wp:postmeta>
			<wp:meta_key>theme_info</wp:meta_key>
			<wp:meta_value><![CDATA[a:9:{s:20:"tf_theme_description";s:195:"Hi, I'm the Base theme generated by Themify Flow. Feel free to duplicate me and start customizing it. When you are done, you can export it to any WordPress site that has Flow installed. Have fun!";s:15:"tf_theme_author";s:4:"Flow";s:20:"tf_theme_author_link";s:22:"http://themifyflow.com";s:16:"tf_theme_version";s:5:"1.0.1";s:19:"tf_theme_screenshot";s:10:"screenshot";s:29:"tf_theme_screenshot_attach_id";s:4:"3488";s:32:"tf_import_base_template_and_part";b:0;s:19:"tf_theme_form_state";s:4:"edit";s:9:"_theme_id";s:4:"3424";}]]></wp:meta_value>
		</wp:postmeta>
		<wp:postmeta>
			<wp:meta_key>tf_theme_style_global</wp:meta_key>
			<wp:meta_value><![CDATA[a:1:{s:6:"global";a:2:{s:6:"module";s:6:"global";s:8:"settings";a:16:{s:9:"body_main";a:3:{s:18:"tf_font_properties";s:115:"{"color":"000000","opacity":"1.00","family":{"name":"Domine","variant":"regular","subsets":"","fonttype":"google"}}";s:24:"tf_background_properties";s:21:"{"style":"fullcover"}";s:23:"tf_customcss_properties";s:10:"{"css":""}";}s:9:"body_link";a:2:{s:18:"tf_font_properties";s:102:"{"color":"000000","opacity":"1.00","italic":"","bold":"","underline":"","linethrough":"","nostyle":""}";s:24:"tf_background_properties";s:21:"{"style":"fullcover"}";}s:8:"heading1";a:2:{s:18:"tf_font_properties";s:33:"{"color":"none","opacity":"1.00"}";s:24:"tf_background_properties";s:21:"{"style":"fullcover"}";}s:8:"heading2";a:2:{s:18:"tf_font_properties";s:33:"{"color":"none","opacity":"1.00"}";s:24:"tf_background_properties";s:21:"{"style":"fullcover"}";}s:8:"heading3";a:2:{s:18:"tf_font_properties";s:33:"{"color":"none","opacity":"1.00"}";s:24:"tf_background_properties";s:21:"{"style":"fullcover"}";}s:8:"heading4";a:2:{s:18:"tf_font_properties";s:33:"{"color":"none","opacity":"1.00"}";s:24:"tf_background_properties";s:21:"{"style":"fullcover"}";}s:8:"heading5";a:2:{s:18:"tf_font_properties";s:33:"{"color":"none","opacity":"1.00"}";s:24:"tf_background_properties";s:21:"{"style":"fullcover"}";}s:8:"heading6";a:2:{s:18:"tf_font_properties";s:33:"{"color":"none","opacity":"1.00"}";s:24:"tf_background_properties";s:21:"{"style":"fullcover"}";}s:10:"form_input";a:2:{s:20:"tf_border_properties";s:77:"{"same":"same","color":"9e9e9e","opacity":"1.00","style":"solid","width":"1"}";s:24:"tf_background_properties";s:21:"{"style":"fullcover"}";}s:11:"form_button";a:2:{s:18:"tf_font_properties";s:63:"{"color":"ffffff","opacity":"1.00","texttransform":"uppercase"}";s:24:"tf_background_properties";s:55:"{"color":"000000","opacity":"1.00","style":"fullcover"}";}s:15:"body_link_hover";a:2:{s:18:"tf_font_properties";s:99:"{"italic":"","bold":"","underline":"","linethrough":"","nostyle":"","color":false,"opacity":"1.00"}";s:24:"tf_background_properties";s:21:"{"style":"fullcover"}";}s:17:"form_button_hover";a:1:{s:24:"tf_background_properties";s:21:"{"style":"fullcover"}";}s:11:"header_main";a:1:{s:24:"tf_background_properties";s:21:"{"style":"fullcover"}";}s:12:"sidebar_main";a:1:{s:24:"tf_background_properties";s:21:"{"style":"fullcover"}";}s:11:"footer_main";a:1:{s:24:"tf_background_properties";s:21:"{"style":"fullcover"}";}s:8:"pagewrap";a:1:{s:24:"tf_background_properties";s:21:"{"style":"fullcover"}";}}}}]]></wp:meta_value>
		</wp:postmeta>
		<wp:postmeta>
			<wp:meta_key>_wp_attached_file</wp:meta_key>
			<wp:meta_value><![CDATA[2015/06/screenshot.png]]></wp:meta_value>
		</wp:postmeta>
		<wp:postmeta>
			<wp:meta_key>_wp_attachment_metadata</wp:meta_key>
			<wp:meta_value><![CDATA[a:5:{s:5:"width";i:600;s:6:"height";i:450;s:4:"file";s:22:"2015/06/screenshot.png";s:5:"sizes";a:2:{s:9:"thumbnail";a:4:{s:4:"file";s:22:"screenshot-150x150.png";s:5:"width";i:150;s:6:"height";i:150;s:9:"mime-type";s:9:"image/png";}s:6:"medium";a:4:{s:4:"file";s:22:"screenshot-300x225.png";s:5:"width";i:300;s:6:"height";i:225;s:9:"mime-type";s:9:"image/png";}}s:10:"image_meta";a:11:{s:8:"aperture";i:0;s:6:"credit";s:0:"";s:6:"camera";s:0:"";s:7:"caption";s:0:"";s:17:"created_timestamp";i:0;s:9:"copyright";s:0:"";s:12:"focal_length";i:0;s:3:"iso";i:0;s:13:"shutter_speed";i:0;s:5:"title";s:0:"";s:11:"orientation";i:0;}}]]></wp:meta_value>
		</wp:postmeta>
	</item>
	<item>
		<title>404</title>
		<link>http://themifyflow.com/demo/base/templates/base-404/</link>
		<pubDate>Wed, 27 May 2015 02:22:40 +0000</pubDate>
		<dc:creator><![CDATA[nickla]]></dc:creator>
		<guid isPermaLink="false">http://themifyflow.com/demo/blog/templates/base-404/</guid>
		<description></description>
		<content:encoded><![CDATA[[tf_row class="" gutter="tf_gutter_default" overlay_color="" row_anchor="" row_height="tf_row_height_default" row_width="tf_row_width_default" sc_id="55652a7076f6d"][tf_column grid="fullwidth" sc_id="55652a707745a"][tf_text tf_module_custom_css_class="" sc_id="55652a8107ba8" editable_markup="true"]<h1>404</h1>
Sorry, the file or page that you are looking for is not found.[/tf_text][/tf_column][/tf_row]]]></content:encoded>
		<excerpt:encoded><![CDATA[]]></excerpt:encoded>
		<wp:post_id>3477</wp:post_id>
		<wp:post_date>2015-05-27 02:22:40</wp:post_date>
		<wp:post_date_gmt>2015-05-27 02:22:40</wp:post_date_gmt>
		<wp:comment_status>closed</wp:comment_status>
		<wp:ping_status>closed</wp:ping_status>
		<wp:post_name>base-404</wp:post_name>
		<wp:status>publish</wp:status>
		<wp:post_parent>0</wp:post_parent>
		<wp:menu_order>0</wp:menu_order>
		<wp:post_type>tf_template</wp:post_type>
		<wp:post_password></wp:post_password>
		<wp:is_sticky>0</wp:is_sticky>
		<wp:postmeta>
			<wp:meta_key>tf_template_header_option</wp:meta_key>
			<wp:meta_value><![CDATA[default]]></wp:meta_value>
		</wp:postmeta>
		<wp:postmeta>
			<wp:meta_key>tf_template_sidebar_option</wp:meta_key>
			<wp:meta_value><![CDATA[sidebar_none]]></wp:meta_value>
		</wp:postmeta>
		<wp:postmeta>
			<wp:meta_key>tf_template_footer_option</wp:meta_key>
			<wp:meta_value><![CDATA[default]]></wp:meta_value>
		</wp:postmeta>
		<wp:postmeta>
			<wp:meta_key>tf_template_type</wp:meta_key>
			<wp:meta_value><![CDATA[page]]></wp:meta_value>
		</wp:postmeta>
		<wp:postmeta>
			<wp:meta_key>tf_template_assign</wp:meta_key>
			<wp:meta_value><![CDATA[a:1:{s:4:"page";a:1:{i:404;s:2:"on";}}]]></wp:meta_value>
		</wp:postmeta>
		<wp:postmeta>
			<wp:meta_key>tf_template_custom_css_class</wp:meta_key>
			<wp:meta_value><![CDATA[]]></wp:meta_value>
		</wp:postmeta>
		<wp:postmeta>
			<wp:meta_key>associated_theme</wp:meta_key>
			<wp:meta_value><![CDATA[base]]></wp:meta_value>
		</wp:postmeta>
		<wp:postmeta>
			<wp:meta_key>tf_template_region_header</wp:meta_key>
			<wp:meta_value><![CDATA[base-header]]></wp:meta_value>
		</wp:postmeta>
		<wp:postmeta>
			<wp:meta_key>tf_template_region_sidebar</wp:meta_key>
			<wp:meta_value><![CDATA[]]></wp:meta_value>
		</wp:postmeta>
		<wp:postmeta>
			<wp:meta_key>tf_template_region_footer</wp:meta_key>
			<wp:meta_value><![CDATA[base-footer]]></wp:meta_value>
		</wp:postmeta>
		<wp:postmeta>
			<wp:meta_key>tf_template_style_modules</wp:meta_key>
			<wp:meta_value><![CDATA[a:1:{s:13:"55652a7076f6d";a:2:{s:6:"module";s:3:"row";s:8:"settings";a:1:{s:16:"tf_row_container";a:2:{s:18:"tf_font_properties";s:18:"{"align":"center"}";s:21:"tf_padding_properties";s:99:"{"top":{"unit":"%","width":"8"},"unit":"%","same":"","width":"8","bottom":{"width":"8","unit":"%"}}";}}}}]]></wp:meta_value>
		</wp:postmeta>
		<wp:postmeta>
			<wp:meta_key>_edit_lock</wp:meta_key>
			<wp:meta_value><![CDATA[1433473985:1]]></wp:meta_value>
		</wp:postmeta>
	</item>
	<item>
		<title>Page</title>
		<link>http://themifyflow.com/demo/base/templates/base-page/</link>
		<pubDate>Fri, 22 May 2015 23:42:43 +0000</pubDate>
		<dc:creator><![CDATA[nickla]]></dc:creator>
		<guid isPermaLink="false">http://www.test-flow.com/templates/base-page</guid>
		<description></description>
		<content:encoded><![CDATA[[tf_row class="" gutter="tf_gutter_default" overlay_color="" row_anchor="" row_height="tf_row_height_default" row_width="tf_row_width_default" sc_id="555fbef402d3b"][tf_column grid="fullwidth" sc_id="555fbef403325"][tf_page_title title_tag="h1" tf_module_custom_css_class="yellow-box" sc_id="555fbefa83c89" editable_markup="true"][tf_page_content tf_module_custom_css_class="" sc_id="5567aab311b0e" editable_markup="true"][/tf_column][/tf_row]]]></content:encoded>
		<excerpt:encoded><![CDATA[]]></excerpt:encoded>
		<wp:post_id>3431</wp:post_id>
		<wp:post_date>2015-05-22 23:42:43</wp:post_date>
		<wp:post_date_gmt>2015-05-22 23:42:43</wp:post_date_gmt>
		<wp:comment_status>closed</wp:comment_status>
		<wp:ping_status>closed</wp:ping_status>
		<wp:post_name>base-page</wp:post_name>
		<wp:status>publish</wp:status>
		<wp:post_parent>0</wp:post_parent>
		<wp:menu_order>0</wp:menu_order>
		<wp:post_type>tf_template</wp:post_type>
		<wp:post_password></wp:post_password>
		<wp:is_sticky>0</wp:is_sticky>
		<wp:postmeta>
			<wp:meta_key>tf_template_header_option</wp:meta_key>
			<wp:meta_value><![CDATA[default]]></wp:meta_value>
		</wp:postmeta>
		<wp:postmeta>
			<wp:meta_key>tf_template_sidebar_option</wp:meta_key>
			<wp:meta_value><![CDATA[sidebar_right]]></wp:meta_value>
		</wp:postmeta>
		<wp:postmeta>
			<wp:meta_key>tf_template_footer_option</wp:meta_key>
			<wp:meta_value><![CDATA[default]]></wp:meta_value>
		</wp:postmeta>
		<wp:postmeta>
			<wp:meta_key>tf_template_type</wp:meta_key>
			<wp:meta_value><![CDATA[page]]></wp:meta_value>
		</wp:postmeta>
		<wp:postmeta>
			<wp:meta_key>tf_template_assign</wp:meta_key>
			<wp:meta_value><![CDATA[a:1:{s:4:"page";a:1:{s:3:"all";s:2:"on";}}]]></wp:meta_value>
		</wp:postmeta>
		<wp:postmeta>
			<wp:meta_key>tf_template_custom_css_class</wp:meta_key>
			<wp:meta_value><![CDATA[]]></wp:meta_value>
		</wp:postmeta>
		<wp:postmeta>
			<wp:meta_key>associated_theme</wp:meta_key>
			<wp:meta_value><![CDATA[base]]></wp:meta_value>
		</wp:postmeta>
		<wp:postmeta>
			<wp:meta_key>tf_template_region_header</wp:meta_key>
			<wp:meta_value><![CDATA[base-header]]></wp:meta_value>
		</wp:postmeta>
		<wp:postmeta>
			<wp:meta_key>tf_template_region_sidebar</wp:meta_key>
			<wp:meta_value><![CDATA[base-sidebar]]></wp:meta_value>
		</wp:postmeta>
		<wp:postmeta>
			<wp:meta_key>tf_template_region_footer</wp:meta_key>
			<wp:meta_value><![CDATA[base-footer]]></wp:meta_value>
		</wp:postmeta>
		<wp:postmeta>
			<wp:meta_key>tf_template_style_modules</wp:meta_key>
			<wp:meta_value><![CDATA[a:0:{}]]></wp:meta_value>
		</wp:postmeta>
		<wp:postmeta>
			<wp:meta_key>_edit_lock</wp:meta_key>
			<wp:meta_value><![CDATA[1433473980:1]]></wp:meta_value>
		</wp:postmeta>
	</item>
	<item>
		<title>Search</title>
		<link>http://themifyflow.com/demo/base/templates/base-search/</link>
		<pubDate>Fri, 22 May 2015 22:48:54 +0000</pubDate>
		<dc:creator><![CDATA[nickla]]></dc:creator>
		<guid isPermaLink="false">http://www.test-flow.com/templates/base-search</guid>
		<description></description>
		<content:encoded><![CDATA[[tf_row class="" gutter="tf_gutter_default" overlay_color="" row_anchor="" row_height="tf_row_height_default" row_width="tf_row_width_default" sc_id="555fb256bf6f2"][tf_column grid="fullwidth" sc_id="555fb256bfcd0"][tf_text tf_module_custom_css_separator="" tf_module_custom_css_class="" sc_id="555fb2b91ff34" editable_markup="true"]<h1>Search</h1>[/tf_text][/tf_column][/tf_row][tf_row class="" gutter="tf_gutter_default" overlay_color="" row_anchor="" row_height="tf_row_height_default" row_width="tf_row_width_default" sc_id="555fb256bf6f2"][tf_column grid="fullwidth" sc_id="555fb256bfcd0"][tf_archive_loop layout="list_post" post_per_page="12" order="desc" orderby="date" pagination="yes" tf_module_custom_css_separator="" tf_module_custom_css_class="" sc_id="555fb2663269e" editable_markup="true"][tf_back_row class="" gutter="tf_gutter_default" sc_id="555fb72b7983b"][tf_back_column grid="fullwidth first" sc_id="555fb72b79dc2"][tf_post_title post_title_tag="h3" post_title_link_to_post="yes"][tf_post_excerpt_content post_display="excerpt"][/tf_back_column][/tf_back_row][/tf_archive_loop][/tf_column][/tf_row]]]></content:encoded>
		<excerpt:encoded><![CDATA[]]></excerpt:encoded>
		<wp:post_id>3430</wp:post_id>
		<wp:post_date>2015-05-22 22:48:54</wp:post_date>
		<wp:post_date_gmt>2015-05-22 22:48:54</wp:post_date_gmt>
		<wp:comment_status>closed</wp:comment_status>
		<wp:ping_status>closed</wp:ping_status>
		<wp:post_name>base-search</wp:post_name>
		<wp:status>publish</wp:status>
		<wp:post_parent>0</wp:post_parent>
		<wp:menu_order>0</wp:menu_order>
		<wp:post_type>tf_template</wp:post_type>
		<wp:post_password></wp:post_password>
		<wp:is_sticky>0</wp:is_sticky>
		<wp:postmeta>
			<wp:meta_key>tf_template_header_option</wp:meta_key>
			<wp:meta_value><![CDATA[default]]></wp:meta_value>
		</wp:postmeta>
		<wp:postmeta>
			<wp:meta_key>tf_template_sidebar_option</wp:meta_key>
			<wp:meta_value><![CDATA[sidebar_right]]></wp:meta_value>
		</wp:postmeta>
		<wp:postmeta>
			<wp:meta_key>tf_template_footer_option</wp:meta_key>
			<wp:meta_value><![CDATA[default]]></wp:meta_value>
		</wp:postmeta>
		<wp:postmeta>
			<wp:meta_key>tf_template_type</wp:meta_key>
			<wp:meta_value><![CDATA[archive]]></wp:meta_value>
		</wp:postmeta>
		<wp:postmeta>
			<wp:meta_key>tf_template_assign</wp:meta_key>
			<wp:meta_value><![CDATA[a:1:{s:7:"archive";a:1:{s:7:"archive";a:1:{s:9:"is_search";s:2:"on";}}}]]></wp:meta_value>
		</wp:postmeta>
		<wp:postmeta>
			<wp:meta_key>tf_template_custom_css_class</wp:meta_key>
			<wp:meta_value><![CDATA[]]></wp:meta_value>
		</wp:postmeta>
		<wp:postmeta>
			<wp:meta_key>associated_theme</wp:meta_key>
			<wp:meta_value><![CDATA[base]]></wp:meta_value>
		</wp:postmeta>
		<wp:postmeta>
			<wp:meta_key>tf_template_region_header</wp:meta_key>
			<wp:meta_value><![CDATA[base-header]]></wp:meta_value>
		</wp:postmeta>
		<wp:postmeta>
			<wp:meta_key>tf_template_region_sidebar</wp:meta_key>
			<wp:meta_value><![CDATA[base-sidebar]]></wp:meta_value>
		</wp:postmeta>
		<wp:postmeta>
			<wp:meta_key>tf_template_region_footer</wp:meta_key>
			<wp:meta_value><![CDATA[base-footer]]></wp:meta_value>
		</wp:postmeta>
		<wp:postmeta>
			<wp:meta_key>tf_template_style_modules</wp:meta_key>
			<wp:meta_value><![CDATA[a:0:{}]]></wp:meta_value>
		</wp:postmeta>
		<wp:postmeta>
			<wp:meta_key>_edit_lock</wp:meta_key>
			<wp:meta_value><![CDATA[1433577172:1]]></wp:meta_value>
		</wp:postmeta>
	</item>
	<item>
		<title>Post Single</title>
		<link>http://themifyflow.com/demo/base/templates/base-post-single/</link>
		<pubDate>Fri, 22 May 2015 22:42:01 +0000</pubDate>
		<dc:creator><![CDATA[nickla]]></dc:creator>
		<guid isPermaLink="false">http://www.test-flow.com/templates/base-post-single</guid>
		<description></description>
		<content:encoded><![CDATA[[tf_row class="" gutter="tf_gutter_default" overlay_color="" row_anchor="" row_height="tf_row_height_default" row_width="tf_row_width_default" sc_id="555fb0ba11ebf"][tf_column grid="fullwidth" sc_id="555fb0ba124a0"][tf_single_loop tf_module_custom_css_class="" sc_id="555fb0be559a0" editable_markup="true"][tf_back_row class="" gutter="tf_gutter_default" sc_id="5577733097f76"][tf_back_column grid="fullwidth" sc_id="5577733098440"][tf_featured_image image_size="large" image_width="" image_height="" image_link_to_post="no"][tf_post_meta ][tf_post_date][/tf_post_meta][tf_post_title post_title_tag="h1" post_title_link_to_post="yes"][tf_post_meta ]by [tf_post_author] in [tf_post_category] | [tf_post_comment_count][/tf_post_meta][tf_post_excerpt_content post_display="content"][/tf_back_column][/tf_back_row][/tf_single_loop][tf_author_box avatar_size="80" tf_module_custom_css_separator="" tf_module_custom_css_class="" sc_id="555fb0e752c74" editable_markup="true"][tf_next_prev_post prev_post_label="Previous" next_post_label="Next" show_arrow="yes" in_same_cat="" tf_module_custom_css_separator="" tf_module_custom_css_class="" sc_id="555fb0fe7c100" editable_markup="true"][tf_comments comments_per_page="" avatar_size="80" tf_module_custom_css_separator="" tf_module_custom_css_class="" sc_id="555fb10e5a22c" editable_markup="true"][/tf_column][/tf_row]]]></content:encoded>
		<excerpt:encoded><![CDATA[]]></excerpt:encoded>
		<wp:post_id>3429</wp:post_id>
		<wp:post_date>2015-05-22 22:42:01</wp:post_date>
		<wp:post_date_gmt>2015-05-22 22:42:01</wp:post_date_gmt>
		<wp:comment_status>open</wp:comment_status>
		<wp:ping_status>open</wp:ping_status>
		<wp:post_name>base-post-single</wp:post_name>
		<wp:status>publish</wp:status>
		<wp:post_parent>0</wp:post_parent>
		<wp:menu_order>0</wp:menu_order>
		<wp:post_type>tf_template</wp:post_type>
		<wp:post_password></wp:post_password>
		<wp:is_sticky>0</wp:is_sticky>
		<wp:postmeta>
			<wp:meta_key>tf_template_header_option</wp:meta_key>
			<wp:meta_value><![CDATA[default]]></wp:meta_value>
		</wp:postmeta>
		<wp:postmeta>
			<wp:meta_key>tf_template_sidebar_option</wp:meta_key>
			<wp:meta_value><![CDATA[sidebar_right]]></wp:meta_value>
		</wp:postmeta>
		<wp:postmeta>
			<wp:meta_key>tf_template_footer_option</wp:meta_key>
			<wp:meta_value><![CDATA[default]]></wp:meta_value>
		</wp:postmeta>
		<wp:postmeta>
			<wp:meta_key>tf_template_type</wp:meta_key>
			<wp:meta_value><![CDATA[single]]></wp:meta_value>
		</wp:postmeta>
		<wp:postmeta>
			<wp:meta_key>tf_template_assign</wp:meta_key>
			<wp:meta_value><![CDATA[a:1:{s:6:"single";a:2:{s:8:"category";a:1:{s:3:"all";s:2:"on";}s:9:"post_type";a:2:{s:4:"post";s:2:"on";s:10:"attachment";s:2:"on";}}}]]></wp:meta_value>
		</wp:postmeta>
		<wp:postmeta>
			<wp:meta_key>tf_template_custom_css_class</wp:meta_key>
			<wp:meta_value><![CDATA[]]></wp:meta_value>
		</wp:postmeta>
		<wp:postmeta>
			<wp:meta_key>associated_theme</wp:meta_key>
			<wp:meta_value><![CDATA[base]]></wp:meta_value>
		</wp:postmeta>
		<wp:postmeta>
			<wp:meta_key>tf_template_region_header</wp:meta_key>
			<wp:meta_value><![CDATA[base-header]]></wp:meta_value>
		</wp:postmeta>
		<wp:postmeta>
			<wp:meta_key>tf_template_region_sidebar</wp:meta_key>
			<wp:meta_value><![CDATA[base-sidebar]]></wp:meta_value>
		</wp:postmeta>
		<wp:postmeta>
			<wp:meta_key>tf_template_region_footer</wp:meta_key>
			<wp:meta_value><![CDATA[base-footer]]></wp:meta_value>
		</wp:postmeta>
		<wp:postmeta>
			<wp:meta_key>tf_template_style_modules</wp:meta_key>
			<wp:meta_value><![CDATA[a:4:{s:13:"555fb10e5a22c";a:2:{s:6:"module";s:8:"comments";s:8:"settings";a:2:{s:28:"tf_module_comments_container";a:3:{s:20:"tf_border_properties";s:164:"{"color":"ebebeb","top":{"style":"solid","color":"ebebeb","opacity":"1.00","width":"3"},"style":"solid","same":"","opacity":"1.00","width":"3","right":{"color":""}}";s:21:"tf_padding_properties";s:45:"{"top":{"width":"20"},"width":"20","same":""}";s:24:"tf_background_properties";s:21:"{"style":"fullcover"}";}s:24:"tf_module_comments_title";a:1:{s:24:"tf_background_properties";s:21:"{"style":"fullcover"}";}}}s:13:"555fb0e752c74";a:2:{s:6:"module";s:10:"author-box";s:8:"settings";a:4:{s:30:"tf_module_author_box_container";a:1:{s:24:"tf_background_properties";s:51:"{"style":"fullcover","color":"88","opacity":"1.00"}";}s:25:"tf_module_author_box_name";a:2:{s:24:"tf_background_properties";s:52:"{"style":"fullcover","color":false,"opacity":"1.00"}";s:18:"tf_font_properties";s:30:"{"sizenum":"","sizeunit":"em"}";}s:24:"tf_module_author_box_bio";a:1:{s:24:"tf_background_properties";s:52:"{"style":"fullcover","color":false,"opacity":"1.00"}";}s:27:"tf_module_author_box_avatar";a:1:{s:24:"tf_background_properties";s:21:"{"style":"fullcover"}";}}}s:13:"555fb0fe7c100";a:2:{s:6:"module";s:14:"next_prev_post";s:8:"settings";a:1:{s:34:"tf_module_prev_next_post_container";a:1:{s:24:"tf_background_properties";s:21:"{"style":"fullcover"}";}}}s:13:"555fb0be559a0";a:2:{s:6:"module";s:11:"single-loop";s:8:"settings";a:1:{s:31:"tf_module_single_loop_container";a:1:{s:24:"tf_background_properties";s:21:"{"style":"fullcover"}";}}}}]]></wp:meta_value>
		</wp:postmeta>
		<wp:postmeta>
			<wp:meta_key>_edit_lock</wp:meta_key>
			<wp:meta_value><![CDATA[1433897968:1]]></wp:meta_value>
		</wp:postmeta>
	</item>
	<item>
		<title>Post Archive</title>
		<link>http://themifyflow.com/demo/base/templates/base-post-archive/</link>
		<pubDate>Fri, 22 May 2015 20:33:14 +0000</pubDate>
		<dc:creator><![CDATA[nickla]]></dc:creator>
		<guid isPermaLink="false">http://themifyflow.com/demo/base/templates/base-post-archive/</guid>
		<description></description>
		<content:encoded><![CDATA[[tf_row class="" gutter="tf_gutter_default" overlay_color="" row_anchor="" row_height="tf_row_height_default" row_width="tf_row_width_default" sc_id="555fafa835e0f"][tf_column grid="fullwidth" sc_id="555fafa83640d"][tf_category_title title_tag="h1" tf_module_custom_css_class="" sc_id="5565131f9df72" editable_markup="true"][tf_archive_loop layout="list_post" post_per_page="" order="desc" orderby="date" pagination="yes" tf_module_custom_css_class="" sc_id="557110d634d1d" editable_markup="true"][tf_back_row class="" gutter="tf_gutter_default" sc_id="55726eeed8415"][tf_back_column grid="4-1 first" sc_id="55726eeed88c1"][tf_featured_image image_size="medium" image_width="" image_height="" image_link_to_post="yes"][/tf_back_column][tf_back_column grid="4-3" sc_id="55726eeed8adb"][tf_post_meta ][tf_post_date][/tf_post_meta][tf_post_title post_title_tag="h2" post_title_link_to_post="yes"][tf_post_meta ]by [tf_post_author] in [tf_post_category] | [tf_post_comment_count][/tf_post_meta][tf_post_excerpt_content post_display="excerpt"][/tf_back_column][/tf_back_row][/tf_archive_loop][/tf_column][/tf_row]]]></content:encoded>
		<excerpt:encoded><![CDATA[]]></excerpt:encoded>
		<wp:post_id>3563</wp:post_id>
		<wp:post_date>2015-05-22 20:33:14</wp:post_date>
		<wp:post_date_gmt>2015-05-22 20:33:14</wp:post_date_gmt>
		<wp:comment_status>closed</wp:comment_status>
		<wp:ping_status>closed</wp:ping_status>
		<wp:post_name>base-post-archive</wp:post_name>
		<wp:status>publish</wp:status>
		<wp:post_parent>0</wp:post_parent>
		<wp:menu_order>0</wp:menu_order>
		<wp:post_type>tf_template</wp:post_type>
		<wp:post_password></wp:post_password>
		<wp:is_sticky>0</wp:is_sticky>
		<wp:postmeta>
			<wp:meta_key>tf_template_header_option</wp:meta_key>
			<wp:meta_value><![CDATA[default]]></wp:meta_value>
		</wp:postmeta>
		<wp:postmeta>
			<wp:meta_key>tf_template_sidebar_option</wp:meta_key>
			<wp:meta_value><![CDATA[sidebar_right]]></wp:meta_value>
		</wp:postmeta>
		<wp:postmeta>
			<wp:meta_key>tf_template_footer_option</wp:meta_key>
			<wp:meta_value><![CDATA[default]]></wp:meta_value>
		</wp:postmeta>
		<wp:postmeta>
			<wp:meta_key>tf_template_type</wp:meta_key>
			<wp:meta_value><![CDATA[archive]]></wp:meta_value>
		</wp:postmeta>
		<wp:postmeta>
			<wp:meta_key>tf_template_assign</wp:meta_key>
			<wp:meta_value><![CDATA[a:1:{s:7:"archive";a:4:{s:8:"category";a:1:{s:3:"all";s:2:"on";}s:8:"post_tag";a:1:{s:3:"all";s:2:"on";}s:7:"archive";a:8:{s:9:"is_search";s:2:"on";s:7:"is_date";s:2:"on";s:9:"is_author";s:2:"on";s:7:"is_year";s:2:"on";s:6:"is_day";s:2:"on";s:8:"is_month";s:2:"on";s:7:"is_home";s:2:"on";s:9:"post_type";a:2:{s:4:"post";s:2:"on";s:10:"attachment";s:2:"on";}}s:3:"tax";a:1:{s:11:"post_format";s:2:"on";}}}]]></wp:meta_value>
		</wp:postmeta>
		<wp:postmeta>
			<wp:meta_key>tf_template_custom_css_class</wp:meta_key>
			<wp:meta_value><![CDATA[]]></wp:meta_value>
		</wp:postmeta>
		<wp:postmeta>
			<wp:meta_key>associated_theme</wp:meta_key>
			<wp:meta_value><![CDATA[base]]></wp:meta_value>
		</wp:postmeta>
		<wp:postmeta>
			<wp:meta_key>_edit_lock</wp:meta_key>
			<wp:meta_value><![CDATA[1434590758:1]]></wp:meta_value>
		</wp:postmeta>
		<wp:postmeta>
			<wp:meta_key>tf_template_style_modules</wp:meta_key>
			<wp:meta_value><![CDATA[a:3:{s:13:"5565131f9df72";a:2:{s:6:"module";s:14:"category-title";s:8:"settings";a:1:{s:24:"tf_module_category_title";a:1:{s:24:"tf_background_properties";s:21:"{"style":"fullcover"}";}}}s:13:"555fafd5c2f06";a:1:{s:6:"module";s:12:"archive-loop";}s:13:"557110d634d1d";a:2:{s:6:"module";s:12:"archive-loop";s:8:"settings";a:1:{s:30:"tf_module_archive_loop_wrapper";a:1:{s:24:"tf_background_properties";s:21:"{"style":"fullcover"}";}}}}]]></wp:meta_value>
		</wp:postmeta>
		<wp:postmeta>
			<wp:meta_key>tf_template_region_footer</wp:meta_key>
			<wp:meta_value><![CDATA[base-footer]]></wp:meta_value>
		</wp:postmeta>
		<wp:postmeta>
			<wp:meta_key>tf_template_region_sidebar</wp:meta_key>
			<wp:meta_value><![CDATA[base-sidebar]]></wp:meta_value>
		</wp:postmeta>
		<wp:postmeta>
			<wp:meta_key>tf_template_region_header</wp:meta_key>
			<wp:meta_value><![CDATA[base-header]]></wp:meta_value>
		</wp:postmeta>
	</item>
	<item>
		<title>Header</title>
		<link>http://themifyflow.com/demo/base/template-part/base-header/</link>
		<pubDate>Fri, 05 Jun 2015 00:50:12 +0000</pubDate>
		<dc:creator><![CDATA[nickla]]></dc:creator>
		<guid isPermaLink="false">http://themifyflow.com/demo/blog/template-part/base-header</guid>
		<description></description>
		<content:encoded><![CDATA[[tf_row class="" gutter="tf_gutter_default" overlay_color="" row_anchor="" row_height="tf_row_height_default" row_width="tf_row_width_default" sc_id="5570f244b586f"][tf_column grid="fullwidth" sc_id="5570f244b5d72"][tf_site_logo logo_type="text" title_tag="p" logo_text="" logo_image="" width="" height="" logo_link="" tf_module_custom_css_class="" sc_id="5570f249385dd" editable_markup="true"][tf_site_tagline tag="p" tagline_text="" tf_module_custom_css_class="" sc_id="5570f250bf236" editable_markup="true"][tf_icon size="large" style="none" icons="3" icons_order="_1,_2,_3" icons__1_icon="fa-facebook" icons__1_icon_color="" icons__1_icon_bg="" icons__1_label="" icons__1_link="https://www.facebook.com/themify" icons__2_icon="fa-youtube-play" icons__2_icon_color="" icons__2_icon_bg="" icons__2_label="" icons__2_link="https://www.youtube.com/user/themifyme" icons__3_icon="fa-twitter" icons__3_icon_color="" icons__3_icon_bg="" icons__3_label="" icons__3_link="https://twitter.com/themify" tf_module_custom_css_class="" sc_id="5570f25634e97" editable_markup="true"][/tf_icon][tf_menu nav_menu="__default" mobile_menu="yes" mobile_menu_breakpoint="600" tf_module_custom_css_class="" sc_id="5570f29739427" editable_markup="true"][/tf_column][/tf_row]]]></content:encoded>
		<excerpt:encoded><![CDATA[]]></excerpt:encoded>
		<wp:post_id>3556</wp:post_id>
		<wp:post_date>2015-06-05 00:50:12</wp:post_date>
		<wp:post_date_gmt>2015-06-05 00:50:12</wp:post_date_gmt>
		<wp:comment_status>open</wp:comment_status>
		<wp:ping_status>open</wp:ping_status>
		<wp:post_name>base-header</wp:post_name>
		<wp:status>publish</wp:status>
		<wp:post_parent>0</wp:post_parent>
		<wp:menu_order>0</wp:menu_order>
		<wp:post_type>tf_template_part</wp:post_type>
		<wp:post_password></wp:post_password>
		<wp:is_sticky>0</wp:is_sticky>
		<wp:postmeta>
			<wp:meta_key>associated_theme</wp:meta_key>
			<wp:meta_value><![CDATA[base]]></wp:meta_value>
		</wp:postmeta>
		<wp:postmeta>
			<wp:meta_key>tf_template_part_custom_css_class</wp:meta_key>
			<wp:meta_value><![CDATA[]]></wp:meta_value>
		</wp:postmeta>
		<wp:postmeta>
			<wp:meta_key>tf_template_style_modules</wp:meta_key>
			<wp:meta_value><![CDATA[a:5:{s:13:"5570f25634e97";a:2:{s:6:"module";s:4:"icon";s:8:"settings";a:1:{s:24:"tf_module_icon_container";a:2:{s:24:"tf_background_properties";s:21:"{"style":"fullcover"}";s:20:"tf_margin_properties";s:35:"{"bottom":{"width":"20"},"same":""}";}}}s:13:"5570f250bf236";a:2:{s:6:"module";s:12:"site-tagline";s:8:"settings";a:1:{s:22:"tf_module_site_tagline";a:2:{s:24:"tf_background_properties";s:21:"{"style":"fullcover"}";s:20:"tf_margin_properties";s:35:"{"bottom":{"width":"30"},"same":""}";}}}s:13:"5570f249385dd";a:2:{s:6:"module";s:9:"site-logo";s:8:"settings";a:2:{s:29:"tf_module_site_logo_container";a:2:{s:24:"tf_background_properties";s:21:"{"style":"fullcover"}";s:20:"tf_margin_properties";s:35:"{"bottom":{"width":"20"},"same":""}";}s:19:"tf_module_site_logo";a:2:{s:24:"tf_background_properties";s:21:"{"style":"fullcover"}";s:18:"tf_font_properties";s:83:"{"family":{"variant":""},"texttransform":"uppercase","sizenum":"3","sizeunit":"em"}";}}}s:13:"5570f244b586f";a:2:{s:6:"module";s:3:"row";s:8:"settings";a:1:{s:16:"tf_row_container";a:3:{s:24:"tf_background_properties";s:38:"{"style":"fullcover","color":"F2F2F1"}";s:18:"tf_font_properties";s:18:"{"align":"center"}";s:21:"tf_padding_properties";s:102:"{"top":{"width":"3","unit":"em"},"width":"3","same":"","unit":"em","bottom":{"width":"1","unit":"em"}}";}}}s:13:"5570f29739427";a:2:{s:6:"module";s:4:"menu";s:8:"settings";a:5:{s:24:"tf_module_menu_container";a:1:{s:24:"tf_background_properties";s:21:"{"style":"fullcover"}";}s:28:"tf_module_menu_dropdown_link";a:2:{s:24:"tf_background_properties";s:21:"{"style":"fullcover"}";s:18:"tf_font_properties";s:35:"{"color":"000000","opacity":"1.00"}";}s:34:"tf_module_menu_dropdown_link_hover";a:1:{s:24:"tf_background_properties";s:21:"{"style":"fullcover"}";}s:19:"tf_module_menu_link";a:1:{s:24:"tf_background_properties";s:21:"{"style":"fullcover"}";}s:33:"tf_module_menu_dropdown_container";a:1:{s:24:"tf_background_properties";s:55:"{"style":"fullcover","color":"ffffff","opacity":"1.00"}";}}}}]]></wp:meta_value>
		</wp:postmeta>
		<wp:postmeta>
			<wp:meta_key>_edit_lock</wp:meta_key>
			<wp:meta_value><![CDATA[1434745328:26]]></wp:meta_value>
		</wp:postmeta>
	</item>
	<item>
		<title>Sidebar</title>
		<link>http://themifyflow.com/demo/base/template-part/base-sidebar/</link>
		<pubDate>Fri, 22 May 2015 21:58:06 +0000</pubDate>
		<dc:creator><![CDATA[nickla]]></dc:creator>
		<guid isPermaLink="false">http://www.test-flow.com/template-part/base-sidebar</guid>
		<description></description>
		<content:encoded><![CDATA[[tf_row class="" gutter="tf_gutter_default" overlay_color="" row_anchor="" row_height="tf_row_height_default" row_width="tf_row_width_default" sc_id="555fa66e86fd3"][tf_column grid="fullwidth" sc_id="555fa66e87599"][tf_widget_area area="main-sidebar" tf_module_custom_css_separator="" tf_module_custom_css_class="" sc_id="555fa673799d0" editable_markup="true"][/tf_column][/tf_row]]]></content:encoded>
		<excerpt:encoded><![CDATA[]]></excerpt:encoded>
		<wp:post_id>3428</wp:post_id>
		<wp:post_date>2015-05-22 21:58:06</wp:post_date>
		<wp:post_date_gmt>2015-05-22 21:58:06</wp:post_date_gmt>
		<wp:comment_status>open</wp:comment_status>
		<wp:ping_status>open</wp:ping_status>
		<wp:post_name>base-sidebar</wp:post_name>
		<wp:status>publish</wp:status>
		<wp:post_parent>0</wp:post_parent>
		<wp:menu_order>0</wp:menu_order>
		<wp:post_type>tf_template_part</wp:post_type>
		<wp:post_password></wp:post_password>
		<wp:is_sticky>0</wp:is_sticky>
		<wp:postmeta>
			<wp:meta_key>tf_template_style_modules</wp:meta_key>
			<wp:meta_value><![CDATA[a:1:{s:13:"555fa673799d0";a:2:{s:6:"module";s:11:"widget_area";s:8:"settings";a:1:{s:31:"tf_module_widget_area_container";a:1:{s:24:"tf_background_properties";s:21:"{"style":"fullcover"}";}}}}]]></wp:meta_value>
		</wp:postmeta>
		<wp:postmeta>
			<wp:meta_key>tf_template_part_custom_css_class</wp:meta_key>
			<wp:meta_value><![CDATA[]]></wp:meta_value>
		</wp:postmeta>
		<wp:postmeta>
			<wp:meta_key>associated_theme</wp:meta_key>
			<wp:meta_value><![CDATA[base]]></wp:meta_value>
		</wp:postmeta>
	</item>
	<item>
		<title>Footer</title>
		<link>http://themifyflow.com/demo/base/template-part/base-footer/</link>
		<pubDate>Fri, 22 May 2015 21:49:37 +0000</pubDate>
		<dc:creator><![CDATA[nickla]]></dc:creator>
		<guid isPermaLink="false">http://www.test-flow.com/template-part/base-footer</guid>
		<description></description>
		<content:encoded><![CDATA[[tf_row class="" gutter="tf_gutter_default" overlay_color="" row_anchor="" row_height="tf_row_height_default" row_width="tf_row_width_default" sc_id="555fa4726324e"][tf_column grid="fullwidth" sc_id="555fa47263833"][tf_sub_row class="" gutter="tf_gutter_default" sc_id="5565259b59ec6"][tf_sub_column grid="3-1 first" sc_id="5565259b5a354"][tf_widget widget="WP_Widget_Recent_Comments" tf_module_custom_css_class="" sc_id="556525aa30ee7" editable_markup="true"][/tf_widget][/tf_sub_column][tf_sub_column grid="3-1" sc_id="556526bd3008e"][tf_widget widget="WP_Widget_Recent_Posts" widget_data="" tf_module_custom_css_class="" sc_id="556525bc957d9" editable_markup="true"][/tf_widget][/tf_sub_column][tf_sub_column grid="3-1" sc_id="556526bd32446"][tf_widget widget="WP_Widget_Text" widget_data="a:2:{s:5:&quot;title&quot;;s:9:&quot;Thank You&quot;;s:4:&quot;text&quot;;s:263:&quot;Thank you for using Flow, a free framework to make responsive themes for WordPress like this site. You can build templates with drag &amp; drop interface. It is extremely powerful yet easy to learn. No PHP or CSS coding required. Check out our site at ThemifyFlow.com&quot;;}" tf_module_custom_css_class="" sc_id="557e375570b89" editable_markup="true"][/tf_widget][/tf_sub_column][/tf_sub_row][tf_divider layout="solid" thinkness="1" divider_color="d6d6d6_1.00" tf_module_custom_css_class="" sc_id="5565286e75dcb" editable_markup="true"][tf_sub_row class="" gutter="tf_gutter_default" sc_id="55678afcefc48"][tf_sub_column grid="4-2 first" sc_id="55678afcf00ad"][tf_text tf_module_custom_css_separator="" tf_module_custom_css_class="" sc_id="555fa47d6d154" editable_markup="true"]Powered by <a href="http://wordpress.org">WordPress</a> & <a href="http://themifyflow.com">Themify Flow</a>[/tf_text][/tf_sub_column][tf_sub_column grid="4-2" sc_id="55678b8258755"][tf_text tf_module_custom_css_class="" sc_id="55652817d2ad2" editable_markup="true"]© <a href="http://themifyflow.com">Themify Flow</a> 2015[/tf_text][/tf_sub_column][/tf_sub_row][/tf_column][/tf_row]]]></content:encoded>
		<excerpt:encoded><![CDATA[]]></excerpt:encoded>
		<wp:post_id>3427</wp:post_id>
		<wp:post_date>2015-05-22 21:49:37</wp:post_date>
		<wp:post_date_gmt>2015-05-22 21:49:37</wp:post_date_gmt>
		<wp:comment_status>open</wp:comment_status>
		<wp:ping_status>open</wp:ping_status>
		<wp:post_name>base-footer</wp:post_name>
		<wp:status>publish</wp:status>
		<wp:post_parent>0</wp:post_parent>
		<wp:menu_order>0</wp:menu_order>
		<wp:post_type>tf_template_part</wp:post_type>
		<wp:post_password></wp:post_password>
		<wp:is_sticky>0</wp:is_sticky>
		<wp:postmeta>
			<wp:meta_key>tf_template_style_modules</wp:meta_key>
			<wp:meta_value><![CDATA[a:7:{s:13:"555fa4726324e";a:2:{s:6:"module";s:3:"row";s:8:"settings";a:1:{s:16:"tf_row_container";a:3:{s:24:"tf_background_properties";s:55:"{"align":"center","color":"f2f2f2","style":"fullcover"}";s:18:"tf_font_properties";s:16:"{"align":"left"}";s:21:"tf_padding_properties";s:125:"{"top":{"width":"3","unit":"em"},"width":"3","same":"","unit":"em","bottom":{"width":"1.2","unit":"em"},"right":{"width":""}}";}}}s:13:"555fa47d6d154";a:2:{s:6:"module";s:4:"text";s:8:"settings";a:1:{s:24:"tf_module_text_container";a:4:{s:18:"tf_font_properties";s:33:"{"sizenum":".85","sizeunit":"em"}";s:20:"tf_border_properties";s:122:"{"top":{"color":"","opacity":"1.01","style":"","width":""},"color":false,"opacity":"1.01","same":"","style":"","width":""}";s:21:"tf_padding_properties";s:65:"{"top":{"width":""},"width":"","same":"","bottom":{"width":"10"}}";s:24:"tf_background_properties";s:21:"{"style":"fullcover"}";}}}s:13:"55652817d2ad2";a:2:{s:6:"module";s:4:"text";s:8:"settings";a:1:{s:24:"tf_module_text_container";a:4:{s:18:"tf_font_properties";s:49:"{"sizenum":".85","sizeunit":"em","align":"right"}";s:20:"tf_border_properties";s:123:"{"top":{"color":"","opacity":"1.01","style":"","width":""},"color":"none","opacity":"1.01","same":"","style":"","width":""}";s:21:"tf_padding_properties";s:64:"{"top":{"width":""},"width":"","same":"","bottom":{"width":"5"}}";s:24:"tf_background_properties";s:21:"{"style":"fullcover"}";}}}s:13:"5565286e75dcb";a:2:{s:6:"module";s:7:"divider";s:8:"settings";a:1:{s:10:"tf_divider";a:1:{s:24:"tf_background_properties";s:21:"{"style":"fullcover"}";}}}s:13:"556525aa30ee7";a:2:{s:6:"module";s:6:"widget";s:8:"settings";a:1:{s:26:"tf_module_widget_container";a:1:{s:24:"tf_background_properties";s:21:"{"style":"fullcover"}";}}}s:13:"556525bc957d9";a:2:{s:6:"module";s:6:"widget";s:8:"settings";a:1:{s:26:"tf_module_widget_container";a:1:{s:24:"tf_background_properties";s:21:"{"style":"fullcover"}";}}}s:13:"557e375570b89";a:2:{s:6:"module";s:6:"widget";s:8:"settings";a:1:{s:26:"tf_module_widget_container";a:1:{s:24:"tf_background_properties";s:21:"{"style":"fullcover"}";}}}}]]></wp:meta_value>
		</wp:postmeta>
		<wp:postmeta>
			<wp:meta_key>tf_template_part_custom_css_class</wp:meta_key>
			<wp:meta_value><![CDATA[]]></wp:meta_value>
		</wp:postmeta>
		<wp:postmeta>
			<wp:meta_key>associated_theme</wp:meta_key>
			<wp:meta_value><![CDATA[base]]></wp:meta_value>
		</wp:postmeta>
	</item>
	<item>
		<title>screenshot</title>
		<link>http://themifyflow.com/demo/base/?attachment_id=3488</link>
		<pubDate>Thu, 04 Jun 2015 22:34:58 +0000</pubDate>
		<dc:creator><![CDATA[nickla]]></dc:creator>
		<guid isPermaLink="false">http://themifyflow.com/demo/base/wp-content/uploads/sites/15/2015/06/screenshot.png</guid>
		<description></description>
		<content:encoded><![CDATA[]]></content:encoded>
		<excerpt:encoded><![CDATA[]]></excerpt:encoded>
		<wp:post_id>3488</wp:post_id>
		<wp:post_date>2015-06-04 22:34:58</wp:post_date>
		<wp:post_date_gmt>2015-06-04 22:34:58</wp:post_date_gmt>
		<wp:comment_status>open</wp:comment_status>
		<wp:ping_status>open</wp:ping_status>
		<wp:post_name>screenshot</wp:post_name>
		<wp:status>inherit</wp:status>
		<wp:post_parent>0</wp:post_parent>
		<wp:menu_order>0</wp:menu_order>
		<wp:post_type>attachment</wp:post_type>
		<wp:post_password></wp:post_password>
		<wp:is_sticky>0</wp:is_sticky>
		<wp:attachment_url>http://themifyflow.com/demo/base/wp-content/uploads/sites/15/2015/06/screenshot.png</wp:attachment_url>
		<wp:postmeta>
			<wp:meta_key>_wp_attached_file</wp:meta_key>
			<wp:meta_value><![CDATA[2015/06/screenshot.png]]></wp:meta_value>
		</wp:postmeta>
		<wp:postmeta>
			<wp:meta_key>_wp_attachment_metadata</wp:meta_key>
			<wp:meta_value><![CDATA[a:5:{s:5:"width";i:600;s:6:"height";i:450;s:4:"file";s:22:"2015/06/screenshot.png";s:5:"sizes";a:2:{s:9:"thumbnail";a:4:{s:4:"file";s:22:"screenshot-150x150.png";s:5:"width";i:150;s:6:"height";i:150;s:9:"mime-type";s:9:"image/png";}s:6:"medium";a:4:{s:4:"file";s:22:"screenshot-300x225.png";s:5:"width";i:300;s:6:"height";i:225;s:9:"mime-type";s:9:"image/png";}}s:10:"image_meta";a:11:{s:8:"aperture";i:0;s:6:"credit";s:0:"";s:6:"camera";s:0:"";s:7:"caption";s:0:"";s:17:"created_timestamp";i:0;s:9:"copyright";s:0:"";s:12:"focal_length";i:0;s:3:"iso";i:0;s:13:"shutter_speed";i:0;s:5:"title";s:0:"";s:11:"orientation";i:0;}}]]></wp:meta_value>
		</wp:postmeta>
	</item>
</channel>
</rss>
